country_iso3,country_name,cluster,fimi_variant,predictor,posterior_mean,posterior_sd,q025,q05,q95,q975,sig_95,sig_90,eu_pooled_mean,eu_q025,eu_q975,tau_mean,tau_q025,tau_q975,ml_estimate,ml_se,ml_t,ml_p,shrinkage_pct,in_eu_pi95,eu_pi95_lo,eu_pi95_hi
AUT,Austria,Western,chinese,GEN,-0.017900898147294342,0.06478611245698139,-0.13724864076798407,-0.11854279423034887,0.09310728192316776,0.11944223354847952,FALSE,FALSE,-0.08667037501731618,-0.17004027504976663,-0.0022906169749671826,0.09689373621580699,0.01454983545634187,0.18543366942880812,0.08199235602772056,0.1085062731927873,0.7556462277719332,0.45016137349758933,0.592266314888149,TRUE,-0.27658209800029787,0.10324134796566552
AUT,Austria,Western,chinese,THREAT,-0.15433643410801148,0.05332542722703583,-0.2713083450744034,-0.24990616726806517,-0.0770740619301633,-0.0662856841028571,TRUE,TRUE,-0.09904571402065447,-0.15564615978694007,-0.04250070117961712,0.06658366443161147,0.005969889083911359,0.14051673501081402,-0.2581544200547287,0.07453005190532624,-3.4637627836708895,5.710970970216473e-4,0.6524972048008729,FALSE,-0.22954969630661293,0.031458268265304
AUT,Austria,Western,chinese,ABAND,0.150092166484142,0.05073321843158928,0.05173200549134187,0.06784369203645663,0.23321289401617626,0.25744038866273383,TRUE,TRUE,0.15580547187816207,0.10013733998976716,0.21019530105383658,0.05801023083703126,0.004582344104232913,0.12857150969046655,0.17332817551638724,0.07968885726392573,2.1750616267759058,0.030019892340773544,1.3260515906664478,TRUE,0.04210541943758081,0.2695055243187433
AUT,Austria,Western,chinese,FEAR,0.23868911873016052,0.03635915014002116,0.18097907967568624,0.18876237618785918,0.30520170025871685,0.32125673394523285,TRUE,TRUE,0.20790223861980237,0.17349941613618997,0.24475826664913772,0.036522843751617115,0.0022465573766746647,0.08505267254006027,0.3184270721691701,0.0482535186600617,6.599043572603228,9.186298384126878e-11,0.7214483015112917,FALSE,0.13631746486663282,0.2794870123729719
AUT,Austria,Western,chinese,SUPF,0.09488167162974509,0.05700103116591777,-0.020387068317621188,-2.760297356570013e-4,0.18727339278678076,0.2101221269809175,FALSE,FALSE,0.08098828974930976,-4.7678288816525757e-4,0.15819061476405757,0.08002841805158468,0.006776707666073108,0.17303771370243098,0.04097288931502955,0.10243768257563365,0.3999786825007262,0.6893162535072348,1.3472008709060228,TRUE,-0.07586740963179621,0.2378439891304157
BEL,Belgium,Western,chinese,GEN,-0.06685729103369412,0.07139647872399137,-0.2119424773620991,-0.18518291804367368,0.045361686511358273,0.06514385566964506,FALSE,FALSE,-0.08667037501731618,-0.17004027504976663,-0.0022906169749671826,0.09689373621580699,0.01454983545634187,0.18543366942880812,-0.25864847084684994,0.10529320162184637,-2.4564593616952495,0.014318836736039463,1.1152070203362465,TRUE,-0.27658209800029787,0.10324134796566552
BEL,Belgium,Western,chinese,THREAT,-0.03898000340064701,0.05493323714410739,-0.13506438178691446,-0.12244225124335749,0.057058884315105085,0.07624818113389976,FALSE,FALSE,-0.09904571402065447,-0.15564615978694007,-0.04250070117961712,0.06658366443161147,0.005969889083911359,0.14051673501081402,-5.287321916340261e-4,0.07319835114251493,-0.007223280079145511,0.9942391522483931,0.3903009460414293,TRUE,-0.22954969630661293,0.031458268265304
BEL,Belgium,Western,chinese,ABAND,0.16973766006146898,0.05069164521103843,0.06782497220127039,0.08907089856132407,0.25531090451784705,0.27335640125764205,TRUE,TRUE,0.15580547187816207,0.10013733998976716,0.21019530105383658,0.05801023083703126,0.004582344104232913,0.12857150969046655,0.1575331955231545,0.07425995509285975,2.1213747749532597,0.03430727993104454,-7.063898542852849,TRUE,0.04210541943758081,0.2695055243187433
BEL,Belgium,Western,chinese,FEAR,0.22462166742574452,0.03301639333357792,0.16557015990284582,0.17492879904859596,0.2841578386655316,0.296020511779501,TRUE,TRUE,0.20790223861980237,0.17349941613618997,0.24475826664913772,0.036522843751617115,0.0022465573766746647,0.08505267254006027,0.23867129830153458,0.04849009120008949,4.9220632998333915,1.1132385181531143e-6,0.4566155424025329,TRUE,0.13631746486663282,0.2794870123729719
BEL,Belgium,Western,chinese,SUPF,0.17853090508131522,0.07534852347454678,0.048373583682347114,0.0672615493524084,0.3110074239548173,0.33918612989568375,TRUE,TRUE,0.08098828974930976,-4.7678288816525757e-4,0.15819061476405757,0.08002841805158468,0.006776707666073108,0.17303771370243098,0.38347960481931415,0.10435814845128602,3.6746493734346095,2.599033722853644e-4,0.6775358151706552,FALSE,-0.07586740963179621,0.2378439891304157
BGR,Bulgaria,Central-East,chinese,GEN,-0.08034601471117034,0.05796490621487597,-0.19732705281153923,-0.17650801888845927,0.01275926850291662,0.03710237686653588,FALSE,FALSE,-0.08667037501731618,-0.17004027504976663,-0.0022906169749671826,0.09689373621580699,0.01454983545634187,0.18543366942880812,-0.08896124347811665,0.1214590229084485,-0.7324383265059895,0.46419391861891857,3.7606824286786007,TRUE,-0.27658209800029787,0.10324134796566552
BGR,Bulgaria,Central-East,chinese,THREAT,-0.06320850991698124,0.048345738184224975,-0.14807508051109092,-0.13532287876470467,0.020561940050781775,0.039514624509022024,FALSE,FALSE,-0.09904571402065447,-0.15564615978694007,-0.04250070117961712,0.06658366443161147,0.005969889083911359,0.14051673501081402,-0.04882713520664665,0.08252141893174984,-0.5916904464164585,0.5542860837236698,0.2863755815073581,TRUE,-0.22954969630661293,0.031458268265304
BGR,Bulgaria,Central-East,chinese,ABAND,0.18179298584807155,0.05054061709456186,0.0915076210348545,0.10713345447658718,0.27243089890992755,0.2961200128031993,TRUE,TRUE,0.15580547187816207,0.10013733998976716,0.21019530105383658,0.05801023083703126,0.004582344104232913,0.12857150969046655,0.22767105304705204,0.08985233316449869,2.533835739470887,0.011541562899688074,0.6383872008376763,TRUE,0.04210541943758081,0.2695055243187433
BGR,Bulgaria,Central-East,chinese,FEAR,0.20307870155323712,0.028246428779709832,0.14385170969690905,0.1544095648374683,0.24801737319927405,0.2593295655605745,TRUE,TRUE,0.20790223861980237,0.17349941613618997,0.24475826664913772,0.036522843751617115,0.0022465573766746647,0.08505267254006027,0.1844538762033537,0.04619908829242263,3.992586932361759,7.366106401171621e-5,0.7942910903159016,TRUE,0.13631746486663282,0.2794870123729719
BGR,Bulgaria,Central-East,chinese,SUPF,0.09809500337463758,0.056021486239770796,-0.014318854694148888,0.005413011425712442,0.19046821330610167,0.21088294387723577,FALSE,TRUE,0.08098828974930976,-4.7678288816525757e-4,0.15819061476405757,0.08002841805158468,0.006776707666073108,0.17303771370243098,0.08065459960351902,0.12027497299664061,0.6705850568411417,0.5027491003274982,52.26526462083687,TRUE,-0.07586740963179621,0.2378439891304157
DEU,Germany,Western,chinese,GEN,-0.0801287773409421,0.056838495988390525,-0.1919337158988077,-0.17329516349040514,0.013551566586801563,0.033633416399390166,FALSE,FALSE,-0.08667037501731618,-0.17004027504976663,-0.0022906169749671826,0.09689373621580699,0.01454983545634187,0.18543366942880812,-0.08489714025234496,0.11047557052742701,-0.7684698060126164,0.44251456296905134,-2.6890759224880387,TRUE,-0.27658209800029787,0.10324134796566552
DEU,Germany,Western,chinese,THREAT,-0.08327537464347583,0.043692463108379584,-0.16599088414407312,-0.15286515967546277,-0.007686289198113857,0.005349365980638971,FALSE,TRUE,-0.09904571402065447,-0.15564615978694007,-0.04250070117961712,0.06658366443161147,0.005969889083911359,0.14051673501081402,-0.0658895756600331,0.07493273017130869,-0.8793163616139245,0.3795865434421608,0.5243613955988119,TRUE,-0.22954969630661293,0.031458268265304
DEU,Germany,Western,chinese,ABAND,0.14732724412359124,0.045304921834826976,0.051135787214775005,0.07191726289195648,0.2193416130602583,0.23550288660624877,TRUE,TRUE,0.15580547187816207,0.10013733998976716,0.21019530105383658,0.05801023083703126,0.004582344104232913,0.12857150969046655,0.1252931680413233,0.08020020819363591,1.5622548976283783,0.11876233580835088,0.7221374105374925,TRUE,0.04210541943758081,0.2695055243187433
DEU,Germany,Western,chinese,FEAR,0.21437654963822106,0.02824551366768683,0.16136406838360462,0.1711482146944366,0.26329958717911417,0.2750423102140493,TRUE,TRUE,0.20790223861980237,0.17349941613618997,0.24475826664913772,0.036522843751617115,0.0022465573766746647,0.08505267254006027,0.2376867356213987,0.050131877998459584,4.74122943546424,2.664150676292692e-6,0.7826281565852297,TRUE,0.13631746486663282,0.2794870123729719
DEU,Germany,Western,chinese,SUPF,0.08493264719437515,0.05449998219333246,-0.022913291329135953,-0.005426160256192618,0.17386411274548788,0.1921147621425849,FALSE,FALSE,0.08098828974930976,-4.7678288816525757e-4,0.15819061476405757,0.08002841805158468,0.006776707666073108,0.17303771370243098,0.0868054548148732,0.10871824876816098,0.7984441967970227,0.4249329478378441,0.3219450710767563,TRUE,-0.07586740963179621,0.2378439891304157
EST,Estonia,Baltic,chinese,GEN,-0.18334492715750422,0.07746163646783816,-0.3376875234594647,-0.31108229732288223,-0.058520507406277386,-0.04024465183829411,TRUE,TRUE,-0.08667037501731618,-0.17004027504976663,-0.0022906169749671826,0.09689373621580699,0.01454983545634187,0.18543366942880812,-0.21788480859841386,0.12569677278731348,-1.7334160914941557,0.08353718939526202,0.26323233274152047,TRUE,-0.27658209800029787,0.10324134796566552
EST,Estonia,Baltic,chinese,THREAT,-0.10279893361857996,0.04260266490914062,-0.1862896917948473,-0.17126466617684116,-0.03037038368626726,-0.01230033070803928,TRUE,TRUE,-0.09904571402065447,-0.15564615978694007,-0.04250070117961712,0.06658366443161147,0.005969889083911359,0.14051673501081402,-0.06254545697047209,0.06391337344904606,-0.9785973356630202,0.32817469620858997,1.1028272100321204,TRUE,-0.22954969630661293,0.031458268265304
EST,Estonia,Baltic,chinese,ABAND,0.15087299046778788,0.04361766837654498,0.05938676521892905,0.07703567894062946,0.22107326007460734,0.23657235257239712,TRUE,TRUE,0.15580547187816207,0.10013733998976716,0.21019530105383658,0.05801023083703126,0.004582344104232913,0.12857150969046655,0.1417181245606414,0.0671490297261714,2.1105014493665366,0.03522979001089428,0.6498644280432,TRUE,0.04210541943758081,0.2695055243187433
EST,Estonia,Baltic,chinese,FEAR,0.17816674116360498,0.03235941639644179,0.10661359960111533,0.11790938733960028,0.22438435394645287,0.23240237781901574,TRUE,TRUE,0.20790223861980237,0.17349941613618997,0.24475826664913772,0.036522843751617115,0.0022465573766746647,0.08505267254006027,0.12539111138660988,0.04163517160419655,3.0116631337234905,0.0027079287142617397,0.6396183344804018,FALSE,0.13631746486663282,0.2794870123729719
EST,Estonia,Baltic,chinese,SUPF,0.01824466806688795,0.07767859145788317,-0.14391255502289166,-0.11858912852787565,0.1304557363708341,0.1527338848893233,FALSE,FALSE,0.08098828974930976,-4.7678288816525757e-4,0.15819061476405757,0.08002841805158468,0.006776707666073108,0.17303771370243098,0.010696879082248792,0.13620014164947963,0.07853794388685689,0.9374264208732812,0.10737853904212646,TRUE,-0.07586740963179621,0.2378439891304157
FRA,France,Western,chinese,GEN,0.004219112489798344,0.07029581551658419,-0.12549069122377632,-0.10575088141252005,0.12072482987923798,0.14562313142704628,FALSE,FALSE,-0.08667037501731618,-0.17004027504976663,-0.0022906169749671826,0.09689373621580699,0.01454983545634187,0.18543366942880812,0.0503693370692267,0.11055956493536338,0.4555855216929825,0.6488556763063125,0.3367653352211053,TRUE,-0.27658209800029787,0.10324134796566552
FRA,France,Western,chinese,THREAT,-0.13517615706854819,0.051159667704672535,-0.24890702412364443,-0.22535536661764752,-0.05975267822038239,-0.04736938212558307,TRUE,TRUE,-0.09904571402065447,-0.15564615978694007,-0.04250070117961712,0.06658366443161147,0.005969889083911359,0.14051673501081402,-0.21664418038475153,0.07642232086252217,-2.834828593788425,0.0047420912836930165,0.6927643347317973,TRUE,-0.22954969630661293,0.031458268265304
FRA,France,Western,chinese,ABAND,0.16606723968517298,0.050273042873135415,0.07247157357977912,0.0873252788826444,0.254637217504278,0.2748123203127563,TRUE,TRUE,0.15580547187816207,0.10013733998976716,0.21019530105383658,0.05801023083703126,0.004582344104232913,0.12857150969046655,0.22418751729327088,0.08295538377939016,2.70250714395428,0.007079972746672003,0.8499347636544431,TRUE,0.04210541943758081,0.2695055243187433
FRA,France,Western,chinese,FEAR,0.20526503327937334,0.03213160348020574,0.13910513421886267,0.150672501933677,0.2584592261347392,0.2706466651287717,TRUE,TRUE,0.20790223861980237,0.17349941613618997,0.24475826664913772,0.036522843751617115,0.0022465573766746647,0.08505267254006027,0.2177554692892977,0.0546721887839,3.982929422306628,7.657721747367295e-5,1.2676487975252175,TRUE,0.13631746486663282,0.2794870123729719
FRA,France,Western,chinese,SUPF,0.12072007761050578,0.06391272225329955,-0.0017882284231350673,0.020160524509162985,0.22913014516938773,0.24717436304398027,FALSE,TRUE,0.08098828974930976,-4.7678288816525757e-4,0.15819061476405757,0.08002841805158468,0.006776707666073108,0.17303771370243098,0.08806365711286206,0.10713771113546446,0.8219669449678157,0.41142775040617396,-4.615508823735205,TRUE,-0.07586740963179621,0.2378439891304157
HUN,Hungary,Central-East,chinese,GEN,-0.11269974026248604,0.06092521228480351,-0.23533170871282064,-0.21378870669768188,-0.0167879093599985,0.005077446638363128,FALSE,TRUE,-0.08667037501731618,-0.17004027504976663,-0.0022906169749671826,0.09689373621580699,0.01454983545634187,0.18543366942880812,-0.09548494857281183,0.11074663469743327,-0.8621927775384116,0.3889299692902307,-1.9529920059423942,TRUE,-0.27658209800029787,0.10324134796566552
HUN,Hungary,Central-East,chinese,THREAT,-0.10946304619654869,0.04135424602843231,-0.19518698792181075,-0.1791455277216135,-0.04319910734435897,-0.028864663548788787,TRUE,TRUE,-0.09904571402065447,-0.15564615978694007,-0.04250070117961712,0.06658366443161147,0.005969889083911359,0.14051673501081402,-0.10266957419628897,0.05895929081180915,-1.7413637915692999,0.08213840945175319,-1.8746506959447609,TRUE,-0.22954969630661293,0.031458268265304
HUN,Hungary,Central-East,chinese,ABAND,0.19238090196447116,0.04778970976388456,0.11379192368808481,0.12362958501618714,0.27939919050967105,0.30299946398106903,TRUE,TRUE,0.15580547187816207,0.10013733998976716,0.21019530105383658,0.05801023083703126,0.004582344104232913,0.12857150969046655,0.27929927505238117,0.065260682729109315,4.27974797952582,2.1814892728408624e-5,0.7038278104148251,FALSE,0.04210541943758081,0.2695055243187433
HUN,Hungary,Central-East,chinese,FEAR,0.1729585115565273,0.035700613444778824,0.09264699112044188,0.10801855434868515,0.2217830793295645,0.22888630256782413,TRUE,TRUE,0.20790223861980237,0.17349941613618997,0.24475826664913772,0.036522843751617115,0.0022465573766746647,0.08505267254006027,0.08527213978714354,0.04892673395268613,1.742853709990221,0.08187751655393039,0.7150477134413851,FALSE,0.13631746486663282,0.2794870123729719
HUN,Hungary,Central-East,chinese,SUPF,0.06162548346865838,0.05748972390664557,-0.055652513449292396,-0.03398923408996279,0.15146679952795428,0.17172593084989018,FALSE,FALSE,0.08098828974930976,-4.7678288816525757e-4,0.15819061476405757,0.08002841805158468,0.006776707666073108,0.17303771370243098,0.024629623893460306,0.10551034958837686,0.233433250762099,0.8155055528124726,0.6564360425036264,TRUE,-0.07586740963179621,0.2378439891304157
ITA,Italy,Southern,chinese,GEN,-0.07516050923156449,0.06164196668128951,-0.19534587656948796,-0.17337506288817722,0.026932528994284468,0.05041905729684567,FALSE,FALSE,-0.08667037501731618,-0.17004027504976663,-0.0022906169749671826,0.09689373621580699,0.01454983545634187,0.18543366942880812,-0.04872978769708125,0.1097514750709653,-0.44400120969283163,0.6572017912131861,0.6966344856867013,TRUE,-0.27658209800029787,0.10324134796566552
ITA,Italy,Southern,chinese,THREAT,-0.13302352657287164,0.046290203967927525,-0.23082940622921466,-0.21517090788757834,-0.06357366877265108,-0.05130835539762274,TRUE,TRUE,-0.09904571402065447,-0.15564615978694007,-0.04250070117961712,0.06658366443161147,0.005969889083911359,0.14051673501081402,-0.17860897817456262,0.06008497899203866,-2.972606151667766,0.003071244880623006,0.5729459705613626,TRUE,-0.22954969630661293,0.031458268265304
ITA,Italy,Southern,chinese,ABAND,0.16550090982360138,0.04569040380762183,0.07437187012890281,0.09241850037682571,0.24285288343628858,0.26053369816000627,TRUE,TRUE,0.15580547187816207,0.10013733998976716,0.21019530105383658,0.05801023083703126,0.004582344104232913,0.12857150969046655,0.20451940715648756,0.06430671887633112,3.1803738509781665,0.0015467106782698832,0.8009719828618908,TRUE,0.04210541943758081,0.2695055243187433
ITA,Italy,Southern,chinese,FEAR,0.198381046647757,0.03021744781747957,0.13409296940419582,0.14845718725835969,0.24545414940961982,0.259461386975413,TRUE,TRUE,0.20790223861980237,0.17349941613618997,0.24475826664913772,0.036522843751617115,0.0022465573766746647,0.08505267254006027,0.20202385973309028,0.049562890243459994,4.076111355506514,5.1961108829774544e-5,-0.6196968850660123,TRUE,0.13631746486663282,0.2794870123729719
ITA,Italy,Southern,chinese,SUPF,0.06633653283604997,0.057953676899595075,-0.05563288266163393,-0.034773402400580126,0.15470915645507619,0.1761644534857114,FALSE,FALSE,0.08098828974930976,-4.7678288816525757e-4,0.15819061476405757,0.08002841805158468,0.006776707666073108,0.17303771370243098,0.028688960862322397,0.10713421380261012,0.26778523726491793,0.7889566639232583,0.7198480893527239,TRUE,-0.07586740963179621,0.2378439891304157
LTU,Lithuania,Baltic,chinese,GEN,-0.18314258832916924,0.07892178210325927,-0.3356175793229405,-0.31513789512363616,-0.055893099690944865,-0.03937465025424359,TRUE,TRUE,-0.08667037501731618,-0.17004027504976663,-0.0022906169749671826,0.09689373621580699,0.01454983545634187,0.18543366942880812,-0.1788114246346156,0.12095430299995777,-1.4783386799779916,0.13985351874074073,-0.047005799397150216,TRUE,-0.27658209800029787,0.10324134796566552
LTU,Lithuania,Baltic,chinese,THREAT,-0.09996679078136426,0.044877575575824835,-0.1880143383263197,-0.1727458492160347,-0.025609565384731015,-0.00895495104131773,TRUE,TRUE,-0.09904571402065447,-0.15564615978694007,-0.04250070117961712,0.06658366443161147,0.005969889083911359,0.14051673501081402,-0.10044053116063484,0.06526668496660293,-1.5389249693320632,0.12436146781597553,0.33964335947093516,TRUE,-0.22954969630661293,0.031458268265304
LTU,Lithuania,Baltic,chinese,ABAND,0.15230748940102568,0.04614459012135489,0.05806856734270348,0.07341197620521148,0.22622435364066482,0.24165041267359724,TRUE,TRUE,0.15580547187816207,0.10013733998976716,0.21019530105383658,0.05801023083703126,0.004582344104232913,0.12857150969046655,0.1456025122184758,0.06883592013693965,2.115211243327895,0.03483262055217113,0.6571600208361543,TRUE,0.04210541943758081,0.2695055243187433
LTU,Lithuania,Baltic,chinese,FEAR,0.22300220408167015,0.0324933987750723,0.16665692818511113,0.17484029688465946,0.2817356278492714,0.29299262189031783,TRUE,TRUE,0.20790223861980237,0.17349941613618997,0.24475826664913772,0.036522843751617115,0.0022465573766746647,0.08505267254006027,0.25170709444188094,0.046933851930078964,5.363018036893045,1.1787274630312361e-7,0.6552901458413867,TRUE,0.13631746486663282,0.2794870123729719
LTU,Lithuania,Baltic,chinese,SUPF,0.017196659479770244,0.07790031789899017,-0.1436248451805296,-0.11934491339936967,0.13241164790610058,0.1502795995165199,FALSE,FALSE,0.08098828974930976,-4.7678288816525757e-4,0.15819061476405757,0.08002841805158468,0.006776707666073108,0.17303771370243098,0.008423287601825298,0.12456391022880546,0.06762221566706574,0.9461093967725691,0.12090362596715065,TRUE,-0.07586740963179621,0.2378439891304157
LVA,Latvia,Baltic,chinese,GEN,-0.19013579703467084,0.0776240099817675,-0.34484993621720456,-0.3178910041264055,-0.06593973302367939,-0.04736255099463727,TRUE,TRUE,-0.08667037501731618,-0.17004027504976663,-0.0022906169749671826,0.09689373621580699,0.01454983545634187,0.18543366942880812,-0.22640042435280472,0.11172227056037956,-2.026457421758611,0.04316726105538786,0.25953348968669854,TRUE,-0.27658209800029787,0.10324134796566552
LVA,Latvia,Baltic,chinese,THREAT,-0.1251573446047527,0.04736526606521635,-0.22299095012906944,-0.20597878506707995,-0.04889484360938347,-0.0343320981199445,TRUE,TRUE,-0.09904571402065447,-0.15564615978694007,-0.04250070117961712,0.06658366443161147,0.005969889083911359,0.14051673501081402,-0.1202723992295223,0.06590725683199718,-1.824873390438722,0.0685256407735422,-0.23013227581994844,TRUE,-0.22954969630661293,0.031458268265304
LVA,Latvia,Baltic,chinese,ABAND,0.12260676540634369,0.049099161469185235,0.016350726048318304,0.0335425724299725,0.19332446342161871,0.20538193718023037,TRUE,TRUE,0.15580547187816207,0.10013733998976716,0.21019530105383658,0.05801023083703126,0.004582344104232913,0.12857150969046655,0.08507414024413791,0.06620646739615037,1.2849823225741934,0.19930268182151697,0.5306364844989192,TRUE,0.04210541943758081,0.2695055243187433
LVA,Latvia,Baltic,chinese,FEAR,0.20624695171257112,0.02939576102397292,0.14489788595351472,0.15675289315823596,0.25465410127764,0.26524016713104126,TRUE,TRUE,0.20790223861980237,0.17349941613618997,0.24475826664913772,0.036522843751617115,0.0022465573766746647,0.08505267254006027,0.21119212202879045,0.043290780142669454,4.878454981240439,1.3772743246934879e-6,1.5031445499584981,TRUE,0.13631746486663282,0.2794870123729719
LVA,Latvia,Baltic,chinese,SUPF,0.014800929918830958,0.07661939733410136,-0.14034017790742026,-0.11850891075013235,0.1279683389903133,0.14610324459721713,FALSE,FALSE,0.08098828974930976,-4.7678288816525757e-4,0.15819061476405757,0.08002841805158468,0.006776707666073108,0.17303771370243098,0.04769825161533652,0.11581083973596817,0.4118634466694273,0.6805890997078521,-0.9882031845116181,TRUE,-0.07586740963179621,0.2378439891304157
POL,Poland,Central-East,chinese,GEN,-0.05007405699613917,0.06505964666126403,-0.16493190028896865,-0.14665720045975944,0.0651369633825409,0.0885723305900444,FALSE,FALSE,-0.08667037501731618,-0.17004027504976663,-0.0022906169749671826,0.09689373621580699,0.01454983545634187,0.18543366942880812,0.12180067626663288,0.10460198448655651,1.1644203201736267,0.2447211663966771,0.8244537176946893,FALSE,-0.27658209800029787,0.10324134796566552
POL,Poland,Central-East,chinese,THREAT,-0.12520422766428563,0.047454716185287835,-0.22810009919919227,-0.2082400380910491,-0.05321650212244433,-0.04100191429853643,TRUE,TRUE,-0.09904571402065447,-0.15564615978694007,-0.04250070117961712,0.06658366443161147,0.005969889083911359,0.14051673501081402,-0.1965242286158241,0.07900723361228605,-2.4874207035299047,0.013140577256937373,0.7316484175793196,TRUE,-0.22954969630661293,0.031458268265304
POL,Poland,Central-East,chinese,ABAND,0.16419825039783134,0.04670127152499073,0.07282052649690758,0.0892309262906998,0.24126758083453803,0.259051995821553,TRUE,TRUE,0.15580547187816207,0.10013733998976716,0.21019530105383658,0.05801023083703126,0.004582344104232913,0.12857150969046655,0.19694402571851202,0.0785304366159791,2.507868722054686,0.012411743614652146,0.7959875169107822,TRUE,0.04210541943758081,0.2695055243187433
POL,Poland,Central-East,chinese,FEAR,0.22734827238857055,0.03175763406569951,0.17020409695978295,0.17991184684090317,0.2846969132317336,0.296981343815898,TRUE,TRUE,0.20790223861980237,0.17349941613618997,0.24475826664913772,0.036522843751617115,0.0022465573766746647,0.08505267254006027,0.27371343112373236,0.04923943313545336,5.558825796608396,4.106709144643455e-8,0.7045178330782116,TRUE,0.13631746486663282,0.2794870123729719
POL,Poland,Central-East,chinese,SUPF,0.05199381961970555,0.0613542509470716,-0.08121784295968079,-0.05395012242057644,0.14398391685960787,0.15941835495698287,FALSE,FALSE,0.08098828974930976,-4.7678288816525757e-4,0.15819061476405757,0.08002841805158468,0.006776707666073108,0.17303771370243098,-0.09512581174522468,0.10131563432077022,-0.9389055537475267,0.348160856734371,0.83536542568964,FALSE,-0.07586740963179621,0.2378439891304157
SRB,Serbia,Southern,chinese,GEN,-0.12193949423600989,0.06162612696651163,-0.25182197427528796,-0.22925121905405021,-0.028760110677606702,-0.010436576931953715,TRUE,TRUE,-0.08667037501731618,-0.17004027504976663,-0.0022906169749671826,0.09689373621580699,0.01454983545634187,0.18543366942880812,-0.2565940460091278,0.1075510803806337,-2.385787712229543,0.017351785439747334,0.7924414002308526,TRUE,-0.27658209800029787,0.10324134796566552
SRB,Serbia,Southern,chinese,THREAT,-0.11197785979793504,0.04513755217502746,-0.20604128529061558,-0.1886331506528606,-0.040436157036095995,-0.026963638530869947,TRUE,TRUE,-0.09904571402065447,-0.15564615978694007,-0.04250070117961712,0.06658366443161147,0.005969889083911359,0.14051673501081402,-0.1480318094669384,0.06723762378273983,-2.201621668625041,0.028071919552656033,0.7360037443388112,TRUE,-0.22954969630661293,0.031458268265304
SRB,Serbia,Southern,chinese,ABAND,0.19439702100057196,0.04760858867181355,0.11205034469289277,0.12469906251919627,0.2792553490174167,0.29831932467859296,TRUE,TRUE,0.15580547187816207,0.10013733998976716,0.21019530105383658,0.05801023083703126,0.004582344104232913,0.12857150969046655,0.26102477134886176,0.06703261162279954,3.8939967432222264,1.0967907611336009e-4,0.633227465716435,TRUE,0.04210541943758081,0.2695055243187433
SRB,Serbia,Southern,chinese,FEAR,0.18832917238825628,0.028156039346985268,0.12504523926911335,0.13779233669293506,0.230800886122549,0.23804042599915964,TRUE,TRUE,0.20790223861980237,0.17349941613618997,0.24475826664913772,0.036522843751617115,0.0022465573766746647,0.08505267254006027,0.15027470331918474,0.03893113992326523,3.8600129257808002,1.256811663681455e-4,0.6603521887680608,TRUE,0.13631746486663282,0.2794870123729719
SRB,Serbia,Southern,chinese,SUPF,0.11652220334503309,0.057770700124877235,0.014938259995380104,0.030344235252580357,0.22301180536543702,0.24531735679599326,TRUE,TRUE,0.08098828974930976,-4.7678288816525757e-4,0.15819061476405757,0.08002841805158468,0.006776707666073108,0.17303771370243098,0.2649435646209279,0.10366267553868716,2.555824102012979,0.010838980796007796,0.8068339512388414,FALSE,-0.07586740963179621,0.2378439891304157
TUR,Turkey,Southern,chinese,GEN,0.01602145182836553,0.0739129516334223,-0.12215483412712627,-0.10266249906694566,0.1407377242665498,0.1616887085949896,FALSE,FALSE,-0.08667037501731618,-0.17004027504976663,-0.0022906169749671826,0.09689373621580699,0.01454983545634187,0.18543366942880812,0.06964186490124902,0.10806293583716294,0.6444565323136364,0.5195286412649234,0.343034001053394,TRUE,-0.27658209800029787,0.10324134796566552
TUR,Turkey,Southern,chinese,THREAT,-9.9229255189948e-4,0.08246714219841769,-0.12591922546880546,-0.11368710809385967,0.14986527035011526,0.18362618931215594,FALSE,FALSE,-0.09904571402065447,-0.15564615978694007,-0.04250070117961712,0.06658366443161147,0.005969889083911359,0.14051673501081402,0.2626262713751718,0.09106454042135655,2.8839575773401744,0.004069656991660517,0.7288885359438555,FALSE,-0.22954969630661293,0.031458268265304
TUR,Turkey,Southern,chinese,ABAND,0.06611465449337087,0.07810204088422462,-0.10852613726262753,-0.08179233297506792,0.16971069608708103,0.1803782408012312,FALSE,FALSE,0.15580547187816207,0.10013733998976716,0.21019530105383658,0.05801023083703126,0.004582344104232913,0.12857150969046655,-0.1834004940727529,0.08113172842719393,-2.2605273871039615,0.02415027718142551,0.7355859672651808,FALSE,0.04210541943758081,0.2695055243187433
TUR,Turkey,Southern,chinese,FEAR,0.22003343298309885,0.03350354720266262,0.1560690026666494,0.1680013754270191,0.27808737075111745,0.29256846716188517,TRUE,TRUE,0.20790223861980237,0.17349941613618997,0.24475826664913772,0.036522843751617115,0.0022465573766746647,0.08505267254006027,0.20556995036168424,0.056672143541735394,3.6273544199064074,3.110086135208313e-4,6.201412956169016,TRUE,0.13631746486663282,0.2794870123729719
TUR,Turkey,Southern,chinese,SUPF,0.14407610508829788,0.06617026496692659,0.022345848141714166,0.0402163355146561,0.25602997945291545,0.2781730711596187,TRUE,TRUE,0.08098828974930976,-4.7678288816525757e-4,0.15819061476405757,0.08002841805158468,0.006776707666073108,0.17303771370243098,0.1256309660950805,0.09988472487070228,1.2577595448924341,0.2089737913078943,-0.41317278673783586,TRUE,-0.07586740963179621,0.2378439891304157
